imo,teu_lc,NOME DO NAVIO,CAPACIDADE (TEU)
9732606,107765.0,MAERSK DANANG,3600.0
9605279,68631.0,MSC PERLE,9400.0
9429326,54922.0,,
9625384,52111.0,,
9337274,50504.0,COSCO CHANGSHA,4253.0
9214214,49392.0,,
9723241,49366.0,,
9526942,49170.0,,
9285691,47896.0,COSCO BRISBANE,5446.0
9525388,47373.0,MAERSK CHITTAGONG,4500.0
9527037,45687.0,,
9694581,45272.0,MAERSK INDUS,9972.0
9719874,43762.5,,
9697002,43344.25,,
9850812,42639.0,EVER FORWARD,12118.0
9332872,38815.25,TSINGTAO EXPRESS,8750.0
9770763,38536.0,MSC GAYANE,11600.0
9649835,36351.25,,
9247546,35295.75,,
9850599,33898.75,EVER FOND,12118.0
9571296,33024.5,,
9366512,32237.0,,
9603219,31727.0,,
9407160,30731.25,,
9406623,30249.0,CMA CGM RABELAIS,6540.0
9603221,30136.0,,
9146479,28800.0,,
9302102,27033.0,,
9143556,26816.0,DUSSELDORF EXPRESS,4600.0
1016654,26360.0,,
9243174,26042.0,MAERSK GAIRLOCH,6418.0
9085522,25922.0,,
9720196,25439.0,MSC DOMITILLE,9400.0
9398228,25255.25,,
9625530,24188.0,,
9718947,24079.75,,
9720512,24020.0,,
9961960,23880.0,,
9211494,23824.0,,
9250983,23727.0,,
1016666,23719.0,,
9720457,23443.0,MSC BRUNELLA,9400.0
9506394,23429.5,,
9943085,23342.0,,
9525314,23266.0,MAERSK CALCUTTA,4500.0
9850874,21860.0,EVER FAITH,12118.0
9974503,21735.0,MSC GHANA,8000.0
9970002,21496.0,,
9595448,21444.0,EVER LOYAL,8508.0
9976460,20374.25,,
9410260,19914.0,,
9261889,19166.0,,
9247766,18914.0,,
9166780,18311.0,MAERSK AURORA,1800.0
9327669,18280.0,,
9471898,18005.0,,
9602875,17226.0,,
9539494,17197.0,,
